[{"line":2,"elements":[{"line":4,"name":"","description":"","type":"background","keyword":"Background","steps":[{"result":{"duration":1245800,"status":"skipped"},"line":5,"name":"User click on actions button","match":{"location":"steps.CreateTask.userClickOnActionsButton()"},"after":[{"result":{"duration":521500,"status":"skipped"},"match":{"location":"hooks.Hooks.failureScreenshot(io.cucumber.java.Scenario)"}}],"keyword":"When "},{"result":{"status":"skipped"},"line":6,"name":"User navigate to task creation page","match":{"location":"steps.CreateTask.userNavigateToTaskCreationPage()"},"after":[{"result":{"duration":498700,"status":"skipped"},"match":{"location":"hooks.Hooks.failureScreenshot(io.cucumber.java.Scenario)"}}],"keyword":"And "},{"result":{"status":"skipped"},"line":7,"name":"Enter the action \"automation testing\" text field","match":{"arguments":[{"val":"\"automation testing\"","offset":17}],"location":"steps.CreateTask.enterTheActionTextField(java.lang.String)"},"after":[{"result":{"status":"skipped"},"match":{"location":"hooks.Hooks.failureScreenshot(io.cucumber.java.Scenario)"}}],"keyword":"And "},{"result":{"status":"skipped"},"line":8,"name":"Select the assignee","match":{"location":"steps.CreateTask.selectTheAssignee()"},"after":[{"result":{"duration":500800,"status":"skipped"},"match":{"location":"hooks.Hooks.failureScreenshot(io.cucumber.java.Scenario)"}}],"keyword":"And "},{"result":{"status":"skipped"},"line":9,"name":"Select the category","match":{"location":"steps.CreateTask.selectTheCategory()"},"after":[{"result":{"status":"skipped"},"match":{"location":"hooks.Hooks.failureScreenshot(io.cucumber.java.Scenario)"}}],"keyword":"And "}]},{"start_timestamp":"2023-04-10T09:58:33.681Z","before":[{"result":{"error_message":"org.openqa.selenium.WebDriverException: Connection refused: no further information\nBuild info: version: '3.141.59', revision: 'e82be7d358', time: '2018-11-14T08:17:03'\nSystem info: host: 'LP-5CD1366Q97', ip: '192.168.29.181', os.name: 'Windows 11', os.arch: 'amd64', os.version: '10.0', java.version: '19.0.2'\nDriver info: driver.version: AndroidDriver\r\n\tat io.appium.java_client.remote.AppiumCommandExecutor.lambda$5(AppiumCommandExecutor.java:251)\r\n\tat java.base/java.util.Optional.orElseGet(Optional.java:364)\r\n\tat io.appium.java_client.remote.AppiumCommandExecutor.execute(AppiumCommandExecutor.java:250)\r\n\tat org.openqa.selenium.remote.RemoteWebDriver.execute(RemoteWebDriver.java:552)\r\n\tat io.appium.java_client.DefaultGenericMobileDriver.execute(DefaultGenericMobileDriver.java:42)\r\n\tat io.appium.java_client.AppiumDriver.execute(AppiumDriver.java:1)\r\n\tat io.appium.java_client.android.AndroidDriver.execute(AndroidDriver.java:1)\r\n\tat org.openqa.selenium.remote.RemoteWebDriver.findElement(RemoteWebDriver.java:323)\r\n\tat io.appium.java_client.DefaultGenericMobileDriver.findElement(DefaultGenericMobileDriver.java:62)\r\n\tat io.appium.java_client.AppiumDriver.findElement(AppiumDriver.java:1)\r\n\tat io.appium.java_client.android.AndroidDriver.findElement(AndroidDriver.java:1)\r\n\tat org.openqa.selenium.remote.RemoteWebDriver.findElementByXPath(RemoteWebDriver.java:428)\r\n\tat io.appium.java_client.DefaultGenericMobileDriver.findElementByXPath(DefaultGenericMobileDriver.java:152)\r\n\tat io.appium.java_client.AppiumDriver.findElementByXPath(AppiumDriver.java:1)\r\n\tat io.appium.java_client.android.AndroidDriver.findElementByXPath(AndroidDriver.java:1)\r\n\tat org.openqa.selenium.By$ByXPath.findElement(By.java:353)\r\n\tat org.openqa.selenium.remote.RemoteWebDriver.findElement(RemoteWebDriver.java:315)\r\n\tat io.appium.java_client.DefaultGenericMobileDriver.findElement(DefaultGenericMobileDriver.java:58)\r\n\tat io.appium.java_client.AppiumDriver.findElement(AppiumDriver.java:1)\r\n\tat io.appium.java_client.android.AndroidDriver.findElement(AndroidDriver.java:1)\r\n\tat hooks.Hooks.beforeScenario(Hooks.java:30)\r\nCaused by: java.net.ConnectException: Connection refused: no further information\r\n\tat java.base/sun.nio.ch.Net.pollConnect(Native Method)\r\n\tat java.base/sun.nio.ch.Net.pollConnectNow(Net.java:672)\r\n\tat java.base/sun.nio.ch.NioSocketImpl.timedFinishConnect(NioSocketImpl.java:535)\r\n\tat java.base/sun.nio.ch.NioSocketImpl.connect(NioSocketImpl.java:585)\r\n\tat java.base/java.net.SocksSocketImpl.connect(SocksSocketImpl.java:327)\r\n\tat java.base/java.net.Socket.connect(Socket.java:666)\r\n\tat okhttp3.internal.platform.Platform.connectSocket(Platform.java:129)\r\n\tat okhttp3.internal.connection.RealConnection.connectSocket(RealConnection.java:245)\r\n\tat okhttp3.internal.connection.RealConnection.connect(RealConnection.java:165)\r\n\tat okhttp3.internal.connection.StreamAllocation.findConnection(StreamAllocation.java:257)\r\n\tat okhttp3.internal.connection.StreamAllocation.findHealthyConnection(StreamAllocation.java:135)\r\n\tat okhttp3.internal.connection.StreamAllocation.newStream(StreamAllocation.java:114)\r\n\tat okhttp3.internal.connection.ConnectInterceptor.intercept(ConnectInterceptor.java:42)\r\n\tat okhttp3.internal.http.RealInterceptorChain.proceed(RealInterceptorChain.java:147)\r\n\tat okhttp3.internal.http.RealInterceptorChain.proceed(RealInterceptorChain.java:121)\r\n\tat okhttp3.internal.cache.CacheInterceptor.intercept(CacheInterceptor.java:93)\r\n\tat okhttp3.internal.http.RealInterceptorChain.proceed(RealInterceptorChain.java:147)\r\n\tat okhttp3.internal.http.RealInterceptorChain.proceed(RealInterceptorChain.java:121)\r\n\tat okhttp3.internal.http.BridgeInterceptor.intercept(BridgeInterceptor.java:93)\r\n\tat okhttp3.internal.http.RealInterceptorChain.proceed(RealInterceptorChain.java:147)\r\n\tat okhttp3.internal.http.RetryAndFollowUpInterceptor.intercept(RetryAndFollowUpInterceptor.java:126)\r\n\tat okhttp3.internal.http.RealInterceptorChain.proceed(RealInterceptorChain.java:147)\r\n\tat okhttp3.internal.http.RealInterceptorChain.proceed(RealInterceptorChain.java:121)\r\n\tat okhttp3.RealCall.getResponseWithInterceptorChain(RealCall.java:200)\r\n\tat okhttp3.RealCall.execute(RealCall.java:77)\r\n\tat org.openqa.selenium.remote.internal.OkHttpClient.execute(OkHttpClient.java:103)\r\n\tat org.openqa.selenium.remote.HttpCommandExecutor.execute(HttpCommandExecutor.java:155)\r\n\tat io.appium.java_client.remote.AppiumCommandExecutor.execute(AppiumCommandExecutor.java:239)\r\n\tat org.openqa.selenium.remote.RemoteWebDriver.execute(RemoteWebDriver.java:552)\r\n\tat io.appium.java_client.DefaultGenericMobileDriver.execute(DefaultGenericMobileDriver.java:42)\r\n\tat io.appium.java_client.AppiumDriver.execute(AppiumDriver.java:1)\r\n\tat io.appium.java_client.android.AndroidDriver.execute(AndroidDriver.java:1)\r\n\tat org.openqa.selenium.remote.RemoteWebDriver.findElement(RemoteWebDriver.java:323)\r\n\tat io.appium.java_client.DefaultGenericMobileDriver.findElement(DefaultGenericMobileDriver.java:62)\r\n\tat io.appium.java_client.AppiumDriver.findElement(AppiumDriver.java:1)\r\n\tat io.appium.java_client.android.AndroidDriver.findElement(AndroidDriver.java:1)\r\n\tat org.openqa.selenium.remote.RemoteWebDriver.findElementByXPath(RemoteWebDriver.java:428)\r\n\tat io.appium.java_client.DefaultGenericMobileDriver.findElementByXPath(DefaultGenericMobileDriver.java:152)\r\n\tat io.appium.java_client.AppiumDriver.findElementByXPath(AppiumDriver.java:1)\r\n\tat io.appium.java_client.android.AndroidDriver.findElementByXPath(AndroidDriver.java:1)\r\n\tat org.openqa.selenium.By$ByXPath.findElement(By.java:353)\r\n\tat org.openqa.selenium.remote.RemoteWebDriver.findElement(RemoteWebDriver.java:315)\r\n\tat io.appium.java_client.DefaultGenericMobileDriver.findElement(DefaultGenericMobileDriver.java:58)\r\n\tat io.appium.java_client.AppiumDriver.findElement(AppiumDriver.java:1)\r\n\tat io.appium.java_client.android.AndroidDriver.findElement(AndroidDriver.java:1)\r\n\tat hooks.Hooks.beforeScenario(Hooks.java:30)\r\n\tat java.base/jdk.internal.reflect.DirectMethodHandleAccessor.invoke(DirectMethodHandleAccessor.java:104)\r\n\tat java.base/java.lang.reflect.Method.invoke(Method.java:578)\r\n\tat io.cucumber.java.Invoker.doInvoke(Invoker.java:66)\r\n\tat io.cucumber.java.Invoker.invoke(Invoker.java:24)\r\n\tat io.cucumber.java.AbstractGlueDefinition.invokeMethod(AbstractGlueDefinition.java:47)\r\n\tat io.cucumber.java.JavaHookDefinition.execute(JavaHookDefinition.java:64)\r\n\tat io.cucumber.core.runner.CoreHookDefinition.execute(CoreHookDefinition.java:46)\r\n\tat io.cucumber.core.runner.HookDefinitionMatch.runStep(HookDefinitionMatch.java:21)\r\n\tat io.cucumber.core.runner.ExecutionMode$1.execute(ExecutionMode.java:10)\r\n\tat io.cucumber.core.runner.TestStep.executeStep(TestStep.java:85)\r\n\tat io.cucumber.core.runner.TestStep.run(TestStep.java:57)\r\n\tat io.cucumber.core.runner.TestCase.run(TestCase.java:78)\r\n\tat io.cucumber.core.runner.Runner.runPickle(Runner.java:75)\r\n\tat io.cucumber.junit.PickleRunners$NoStepDescriptions.lambda$run$0(PickleRunners.java:151)\r\n\tat io.cucumber.core.runtime.CucumberExecutionContext.lambda$runTestCase$5(CucumberExecutionContext.java:129)\r\n\tat io.cucumber.core.runtime.RethrowingThrowableCollector.executeAndThrow(RethrowingThrowableCollector.java:23)\r\n\tat io.cucumber.core.runtime.CucumberExecutionContext.runTestCase(CucumberExecutionContext.java:129)\r\n\tat io.cucumber.junit.PickleRunners$NoStepDescriptions.run(PickleRunners.java:148)\r\n\tat io.cucumber.junit.FeatureRunner.runChild(FeatureRunner.java:144)\r\n\tat io.cucumber.junit.FeatureRunner.runChild(FeatureRunner.java:28)\r\n\tat org.junit.runners.ParentRunner$4.run(ParentRunner.java:331)\r\n\tat org.junit.runners.ParentRunner$1.schedule(ParentRunner.java:79)\r\n\tat org.junit.runners.ParentRunner.runChildren(ParentRunner.java:329)\r\n\tat org.junit.runners.ParentRunner.access$100(ParentRunner.java:66)\r\n\tat org.junit.runners.ParentRunner$2.evaluate(ParentRunner.java:293)\r\n\tat org.junit.runners.ParentRunner$3.evaluate(ParentRunner.java:306)\r\n\tat org.junit.runners.ParentRunner.run(ParentRunner.java:413)\r\n\tat io.cucumber.junit.FeatureRunner.run(FeatureRunner.java:137)\r\n\tat io.cucumber.junit.Cucumber.runChild(Cucumber.java:196)\r\n\tat io.cucumber.junit.Cucumber.runChild(Cucumber.java:89)\r\n\tat org.junit.runners.ParentRunner$4.run(ParentRunner.java:331)\r\n\tat org.junit.runners.ParentRunner$1.schedule(ParentRunner.java:79)\r\n\tat org.junit.runners.ParentRunner.runChildren(ParentRunner.java:329)\r\n\tat org.junit.runners.ParentRunner.access$100(ParentRunner.java:66)\r\n\tat org.junit.runners.ParentRunner$2.evaluate(ParentRunner.java:293)\r\n\tat io.cucumber.junit.Cucumber$RunBeforeAllHooks.evaluate(Cucumber.java:266)\r\n\tat io.cucumber.junit.Cucumber$RunAfterAllHooks.evaluate(Cucumber.java:281)\r\n\tat io.cucumber.junit.Cucumber$StartTestRun.evaluate(Cucumber.java:233)\r\n\tat io.cucumber.junit.Cucumber$FinishTestRun.evaluate(Cucumber.java:248)\r\n\tat org.junit.internal.runners.statements.RunAfters.evaluate(RunAfters.java:27)\r\n\tat org.junit.runners.ParentRunner$3.evaluate(ParentRunner.java:306)\r\n\tat org.junit.runners.ParentRunner.run(ParentRunner.java:413)\r\n\tat org.eclipse.jdt.internal.junit4.runner.JUnit4TestReference.run(JUnit4TestReference.java:93)\r\n\tat org.eclipse.jdt.internal.junit.runner.TestExecution.run(TestExecution.java:40)\r\n\tat org.eclipse.jdt.internal.junit.runner.RemoteTestRunner.runTests(RemoteTestRunner.java:529)\r\n\tat org.eclipse.jdt.internal.junit.runner.RemoteTestRunner.runTests(RemoteTestRunner.java:756)\r\n\tat org.eclipse.jdt.internal.junit.runner.RemoteTestRunner.run(RemoteTestRunner.java:452)\r\n\tat org.eclipse.jdt.internal.junit.runner.RemoteTestRunner.main(RemoteTestRunner.java:210)\r\n","duration":88397841100,"status":"failed"},"match":{"location":"hooks.Hooks.beforeScenario(io.cucumber.java.Scenario)"}}],"line":11,"name":"Create a new task without priority","description":"","id":"create-a-new-task;create-a-new-task-without-priority","type":"scenario","keyword":"Scenario","steps":[{"result":{"duration":94700,"status":"skipped"},"line":12,"name":"Click the create button","match":{"location":"steps.CreateTask.clickTheCreateButton()"},"after":[{"result":{"duration":502600,"status":"skipped"},"match":{"location":"hooks.Hooks.failureScreenshot(io.cucumber.java.Scenario)"}}],"keyword":"And "},{"result":{"status":"skipped"},"line":13,"name":"Verify the task create \"Task Assigned successfully\";","match":{"arguments":[{"val":"\"Task Assigned successfully\"","offset":23}],"location":"steps.CreateTask.verifyTheTaskCreate(java.lang.String)"},"after":[{"result":{"duration":96300,"status":"skipped"},"match":{"location":"hooks.Hooks.failureScreenshot(io.cucumber.java.Scenario)"}}],"keyword":"Then "},{"result":{"status":"skipped"},"line":14,"name":"Click the ok button","match":{"location":"steps.CreateTask.clickTheOkButton()"},"after":[{"result":{"status":"skipped"},"match":{"location":"hooks.Hooks.failureScreenshot(io.cucumber.java.Scenario)"}}],"keyword":"And "}],"tags":[{"name":"@createTask"},{"name":"@task1"},{"name":"@smokeTest"}]}],"name":"Create a new Task","description":"","id":"create-a-new-task","keyword":"Feature","uri":"file:src/test/resources/features/createNewTask.feature","tags":[{"name":"@createTask","type":"Tag","location":{"line":1,"column":1}}]}]