[{"line":2,"elements":[{"start_timestamp":"2023-03-01T15:27:10.127Z","before":[{"result":{"duration":168267000000,"status":"passed"},"match":{"location":"hooks.Hooks.beforeScenario(io.cucumber.java.Scenario)"}}],"line":4,"name":"Create a new task without priority","description":"","id":"create-a-new-task;create-a-new-task-without-priority","type":"scenario","keyword":"Scenario","steps":[{"result":{"duration":11119000000,"status":"passed"},"line":5,"name":"User click on actions button","match":{"location":"steps.CreateTask.userClickOnActionsButton()"},"after":[{"result":{"duration":6000000,"status":"passed"},"match":{"location":"hooks.Hooks.failureScreenshot(io.cucumber.java.Scenario)"}}],"keyword":"When "},{"result":{"duration":11688000000,"status":"passed"},"line":6,"name":"User navigate to task creation page","match":{"location":"steps.CreateTask.userNavigateToTaskCreationPage()"},"after":[{"result":{"duration":1000000,"status":"passed"},"match":{"location":"hooks.Hooks.failureScreenshot(io.cucumber.java.Scenario)"}}],"keyword":"And "},{"result":{"duration":1874000000,"status":"passed"},"line":7,"name":"enter the action \"qa testing\" text field","match":{"arguments":[{"val":"\"qa testing\"","offset":17}],"location":"steps.CreateTask.enterTheActionTextField(java.lang.String)"},"after":[{"result":{"status":"passed"},"match":{"location":"hooks.Hooks.failureScreenshot(io.cucumber.java.Scenario)"}}],"keyword":"And "},{"result":{"duration":11656000000,"status":"passed"},"line":8,"name":"select the assignee","match":{"location":"steps.CreateTask.selectTheAssignee()"},"after":[{"result":{"status":"passed"},"match":{"location":"hooks.Hooks.failureScreenshot(io.cucumber.java.Scenario)"}}],"keyword":"And "},{"result":{"duration":11141000000,"status":"passed"},"line":9,"name":"select the category","match":{"location":"steps.CreateTask.selectTheCategory()"},"after":[{"result":{"status":"passed"},"match":{"location":"hooks.Hooks.failureScreenshot(io.cucumber.java.Scenario)"}}],"keyword":"And "},{"result":{"duration":10982000000,"status":"passed"},"line":10,"name":"click the create button","match":{"location":"steps.CreateTask.clickTheCreateButton()"},"after":[{"result":{"duration":1000000,"status":"passed"},"match":{"location":"hooks.Hooks.failureScreenshot(io.cucumber.java.Scenario)"}}],"keyword":"And "},{"result":{"duration":2355000000,"status":"passed"},"line":11,"name":"verify the task create \"Task Assigned successfully\";","match":{"arguments":[{"val":"\"Task Assigned successfully\"","offset":23}],"location":"steps.CreateTask.verifyTheTaskCreate(java.lang.String)"},"after":[{"result":{"duration":1000000,"status":"passed"},"match":{"location":"hooks.Hooks.failureScreenshot(io.cucumber.java.Scenario)"}}],"keyword":"Then "},{"result":{"duration":11052000000,"status":"passed"},"line":12,"name":"click the ok button","match":{"location":"steps.CreateTask.clickTheOkButton()"},"after":[{"result":{"status":"passed"},"match":{"location":"hooks.Hooks.failureScreenshot(io.cucumber.java.Scenario)"}}],"keyword":"And "},{"result":{"duration":326000000,"status":"passed"},"line":13,"name":"verify the task \"qa testing\";","match":{"arguments":[{"val":"\"qa testing\"","offset":16}],"location":"steps.CreateTask.verifyTheTask(java.lang.String)"},"after":[{"result":{"duration":1000000,"status":"passed"},"match":{"location":"hooks.Hooks.failureScreenshot(io.cucumber.java.Scenario)"}}],"keyword":"Then "}],"tags":[{"name":"@createTask"},{"name":"@task1"}]},{"start_timestamp":"2023-03-01T15:31:10.802Z","before":[{"result":{"status":"passed"},"match":{"location":"hooks.Hooks.beforeScenario(io.cucumber.java.Scenario)"}}],"line":15,"name":"Create a new task with priority and specific date","description":"","id":"create-a-new-task;create-a-new-task-with-priority-and-specific-date","type":"scenario","keyword":"Scenario","steps":[{"result":{"duration":11358000000,"status":"passed"},"line":16,"name":"User click on actions button","match":{"location":"steps.CreateTask.userClickOnActionsButton()"},"after":[{"result":{"duration":1000000,"status":"passed"},"match":{"location":"hooks.Hooks.failureScreenshot(io.cucumber.java.Scenario)"}}],"keyword":"When "},{"result":{"duration":11432000000,"status":"passed"},"line":17,"name":"User navigate to task creation page","match":{"location":"steps.CreateTask.userNavigateToTaskCreationPage()"},"after":[{"result":{"status":"passed"},"match":{"location":"hooks.Hooks.failureScreenshot(io.cucumber.java.Scenario)"}}],"keyword":"And "},{"result":{"duration":1167000000,"status":"passed"},"line":18,"name":"enter the action \"qa testing\" text field","match":{"arguments":[{"val":"\"qa testing\"","offset":17}],"location":"steps.CreateTask.enterTheActionTextField(java.lang.String)"},"after":[{"result":{"duration":1000000,"status":"passed"},"match":{"location":"hooks.Hooks.failureScreenshot(io.cucumber.java.Scenario)"}}],"keyword":"And "},{"result":{"duration":11643000000,"status":"passed"},"line":19,"name":"select the assignee","match":{"location":"steps.CreateTask.selectTheAssignee()"},"after":[{"result":{"status":"passed"},"match":{"location":"hooks.Hooks.failureScreenshot(io.cucumber.java.Scenario)"}}],"keyword":"And "},{"result":{"duration":10923000000,"status":"passed"},"line":20,"name":"select the category","match":{"location":"steps.CreateTask.selectTheCategory()"},"after":[{"result":{"status":"passed"},"match":{"location":"hooks.Hooks.failureScreenshot(io.cucumber.java.Scenario)"}}],"keyword":"And "},{"result":{"duration":10998000000,"status":"passed"},"line":21,"name":"select the high priority","match":{"location":"steps.CreateTask.selectTheHighPriority()"},"after":[{"result":{"status":"passed"},"match":{"location":"hooks.Hooks.failureScreenshot(io.cucumber.java.Scenario)"}}],"keyword":"And "},{"result":{"duration":33051000000,"status":"passed"},"line":22,"name":"select the specific closure date","match":{"location":"steps.CreateTask.selectTheSpecificClosureDate()"},"after":[{"result":{"duration":1000000,"status":"passed"},"match":{"location":"hooks.Hooks.failureScreenshot(io.cucumber.java.Scenario)"}}],"keyword":"And "},{"result":{"duration":11131000000,"status":"passed"},"line":23,"name":"click the create button","match":{"location":"steps.CreateTask.clickTheCreateButton()"},"after":[{"result":{"duration":1000000,"status":"passed"},"match":{"location":"hooks.Hooks.failureScreenshot(io.cucumber.java.Scenario)"}}],"keyword":"And "},{"result":{"duration":1605000000,"status":"passed"},"line":24,"name":"verify the task create \"Task Assigned successfully\";","match":{"arguments":[{"val":"\"Task Assigned successfully\"","offset":23}],"location":"steps.CreateTask.verifyTheTaskCreate(java.lang.String)"},"after":[{"result":{"status":"passed"},"match":{"location":"hooks.Hooks.failureScreenshot(io.cucumber.java.Scenario)"}}],"keyword":"Then "},{"result":{"duration":10902000000,"status":"passed"},"line":25,"name":"click the ok button","match":{"location":"steps.CreateTask.clickTheOkButton()"},"after":[{"result":{"status":"passed"},"match":{"location":"hooks.Hooks.failureScreenshot(io.cucumber.java.Scenario)"}}],"keyword":"And "},{"result":{"duration":373000000,"status":"passed"},"line":26,"name":"verify the task \"qa testing\";","match":{"arguments":[{"val":"\"qa testing\"","offset":16}],"location":"steps.CreateTask.verifyTheTask(java.lang.String)"},"after":[{"result":{"duration":1000000,"status":"passed"},"match":{"location":"hooks.Hooks.failureScreenshot(io.cucumber.java.Scenario)"}}],"keyword":"Then "}],"tags":[{"name":"@createTask"},{"name":"@task2"}]}],"name":"Create a new Task","description":"","id":"create-a-new-task","keyword":"Feature","uri":"file:src/test/resources/features/createNewTask.feature","tags":[{"name":"@createTask","type":"Tag","location":{"line":1,"column":1}}]}]